{
	"partitions" : [
		{
			"name" : "Top",
			"pins" : [
				{
					"name" : "hsync",
					"strict" : false
				},
				{
					"name" : "vsync",
					"strict" : false
				},
				{
					"name" : "red[0]",
					"strict" : false
				},
				{
					"name" : "red[1]",
					"strict" : false
				},
				{
					"name" : "red[2]",
					"strict" : false
				},
				{
					"name" : "green[0]",
					"strict" : false
				},
				{
					"name" : "green[1]",
					"strict" : false
				},
				{
					"name" : "green[2]",
					"strict" : false
				},
				{
					"name" : "blue[0]",
					"strict" : false
				},
				{
					"name" : "blue[1]",
					"strict" : false
				},
				{
					"name" : "blue[2]",
					"strict" : false
				},
				{
					"name" : "rst_n",
					"strict" : false
				},
				{
					"name" : "clk",
					"strict" : false
				},
				{
					"name" : "keys[2]",
					"strict" : false
				},
				{
					"name" : "keys[0]",
					"strict" : false
				},
				{
					"name" : "keys[1]",
					"strict" : false
				},
				{
					"name" : "keys[3]",
					"strict" : false
				}
			]
		}
	]
}