{
	"partitions" : [
		{
			"name" : "Top",
			"pins" : [
				{
					"name" : "vga_hs",
					"strict" : false
				},
				{
					"name" : "vga_vs",
					"strict" : false
				},
				{
					"name" : "vga_r[0]",
					"strict" : false
				},
				{
					"name" : "vga_r[1]",
					"strict" : false
				},
				{
					"name" : "vga_r[2]",
					"strict" : false
				},
				{
					"name" : "vga_g[0]",
					"strict" : false
				},
				{
					"name" : "vga_g[1]",
					"strict" : false
				},
				{
					"name" : "vga_g[2]",
					"strict" : false
				},
				{
					"name" : "vga_b[0]",
					"strict" : false
				},
				{
					"name" : "vga_b[1]",
					"strict" : false
				},
				{
					"name" : "vga_b[2]",
					"strict" : false
				},
				{
					"name" : "rst_n",
					"strict" : false
				},
				{
					"name" : "clk",
					"strict" : false
				},
				{
					"name" : "ps2_clk",
					"strict" : false
				},
				{
					"name" : "ps2_data",
					"strict" : false
				}
			]
		}
	]
}